{
	"system" : {
		"platform" : "windows64",
		"os_name" : "Windows 10",
		"os_version" : "10.0"
	},
	"error" : {
		"executable" : "quartus",
		"comment" : "not_applicable",
		"error_message" : "Access Violation at 0X000001E1C66D5B70",
		"source_file" : "unknown",
		"line" : "0",
		"stack_trace" : "\t0x1e1c66d5b6f:\n\t 0x60ca0c4c: QtCore4 + 0x110c4c (?cast@QMetaObject@@QEBAPEBVQObject@@PEBV2@@Z + 0x1c)\n\t0x7ffb9f885021: sys_ictq + 0x5021 (?on_rules_file_downloaded@ICTQ_RULES_FILE@@IEAAX_N@Z + 0x91)\n\t0x7ffb9f8849bb: sys_ictq + 0x49bb (?qt_static_metacall@ICTQ_RULES_FILE@@CAXPEAVQObject@@W4Call@QMetaObject@@HPEAPEAX@Z + 0x5b)\n\t 0x60cac420: QtCore4 + 0x11c420 (?activate@QMetaObject@@SAXPEAVQObject@@PEBU1@HPEAPEAX@Z + 0x520)\n\t0x7ffb9f882a9f: sys_ictq + 0x2a9f (?all_done@ICTQ_DOWNLOAD_FILE@@IEAAX_N@Z + 0x23f)\n\t 0x60cac420: QtCore4 + 0x11c420 (?activate@QMetaObject@@SAXPEAVQObject@@PEBU1@HPEAPEAX@Z + 0x520)\n\t 0x60a908bf: QtNetwork4 + 0x108bf (?fullServerName@QLocalServer@@QEBA?AVQString@@XZ + 0x29f)\n\t 0x60caf9f7: QtCore4 + 0x11f9f7 (?event@QObject@@UEAA_NPEAVQEvent@@@Z + 0xe7)\n\t 0x5ff22e95: QtGui4 + 0x22e95 (?notify_helper@QApplicationPrivate@@QEAA_NPEAVQObject@@PEAVQEvent@@@Z + 0xf5)\n\t 0x5ff22b2f: QtGui4 + 0x22b2f (?notify@QApplication@@UEAA_NPEAVQObject@@PEAVQEvent@@@Z + 0x17bf)\n\t 0x60c9d92b: QtCore4 + 0x10d92b (?notifyInternal@QCoreApplication@@AEAA_NPEAVQObject@@PEAVQEvent@@@Z + 0x7b)\n\t 0x60c9f502: QtCore4 + 0x10f502 (?sendPostedEvents@QCoreApplicationPrivate@@SAXPEAVQObject@@HPEAVQThreadData@@@Z + 0x2b2)\n\t 0x60cc2fb8: QtCore4 + 0x132fb8 (?processEvents@QEventDispatcherWin32@@UEAA_NV?$QFlags@W4ProcessEventsFlag@QEventLoop@@@@@Z + 0xb98)\n\t0x7ffc264b8960: USER32 + 0x18960 (DispatchMessageW + 0x740)\n\t0x7ffc264b8420: USER32 + 0x18420 (DispatchMessageW + 0x200)\n\t 0x60cc2802: QtCore4 + 0x132802 (?processEvents@QEventDispatcherWin32@@UEAA_NV?$QFlags@W4ProcessEventsFlag@QEventLoop@@@@@Z + 0x3e2)\n\t 0x5ff80eb4: QtGui4 + 0x80eb4 (?openPopup@QApplicationPrivate@@QEAAXPEAVQWidget@@@Z + 0x204)\n\t 0x60c9a88b: QtCore4 + 0x10a88b (?exec@QEventLoop@@QEAAHV?$QFlags@W4ProcessEventsFlag@QEventLoop@@@@@Z + 0x22b)\n\t 0x60c9ce6f: QtCore4 + 0x10ce6f (?exec@QCoreApplication@@SAHXZ + 0xdf)\n\t0x7ff6e59b197b: quartus + 0x197b (?qgq_main@@YAHHPEAPEBD@Z + 0x7b)\n\t0x7ffc027c2e98: CCL_MSG + 0x12e98 (?msg_main_thread@@YAPEAXPEAX@Z + 0x18)\n\t0x7ffc027c467e: CCL_MSG + 0x1467e (?msg_thread_wrapper@@YAPEAXP6APEAXPEAX@Z0@Z + 0x6e)\n\t0x7ffc02906660: ccl_mem + 0x16660 (?mem_thread_wrapper@@YAPEAXP6APEAXPEAX@Z0@Z + 0x70)\n\t0x7ffc027c2761: CCL_MSG + 0x12761 (?msg_exe_main@@YAHHPEAPEBDP6AHH0@Z@Z + 0xa1)\n\t0x7ff6e59b24e7: quartus + 0x24e7 (WinMain + 0x127)\n\t0x7ff6e59b1e58: quartus + 0x1e58 (__tmainCRTStartup + 0x148)\n\t0x7ffc25fa257c: KERNEL32 + 0x1257c (BaseThreadInitThunk + 0x1c)\n\t0x7ffc26eeaa47: ntdll + 0x5aa47 (RtlUserThreadStart + 0x27)\n",
		"subsystem" : "unknown"
	},
	"quartus" : {
		"quartus_bits" : "64",
		"version" : "18.1.0",
		"build" : "625",
		"edition" : "Lite Edition"
	}
}